{
    "tacle/adpcm_dec": {
        "baseline_timing": 3494.608,
        "median_timing": 394.921,
        "slopes": [
            4.52033006379878e-08,
            0.0,
            3.0954709895308066e-08
        ],
        "intercepts": [
            0.11308041515151715,
            0.11344588613593995,
            0.11315394858593178
        ],
        "breaks": [
            97.0,
            8085.050853911912,
            9431.118915200168
        ]
    },
    "tacle/adpcm_enc": {
        "baseline_timing": 3511.293,
        "median_timing": 395.922,
        "slopes": [
            1.6763334257112364e-06,
            0.0,
            0.0
        ],
        "intercepts": [
            0.111852673739854,
            0.11499566362530433,
            0.11499566362530433
        ],
        "breaks": [
            97.0,
            1874.9192954360024,
            2871.4420837142616
        ]
    },
    "tacle/gsm_dec": {
        "baseline_timing": 4512.976,
        "median_timing": 1215.277,
        "slopes": [
            0.0,
            0.0,
            4.8523874185095285e-08
        ],
        "intercepts": [
            0.27035857917913086,
            0.27035857917913086,
            0.26989392146773283
        ],
        "breaks": [
            97.0,
            813.6178703483365,
            9575.857641242075
        ]
    },
    "tacle/gsm_enc": {
        "baseline_timing": 6922.333,
        "median_timing": 3520.085,
        "slopes": [
            2.4065810695434016e-07,
            0.0,
            0.0
        ],
        "intercepts": [
            0.5082442315101283,
            0.5105596738504136,
            0.5105596738504136
        ],
        "breaks": [
            97.0,
            9621.29374982798,
            10651.37252814495
        ]
    },
    "tacle/h264_dec": {
        "baseline_timing": 3275.783,
        "median_timing": 223.451,
        "slopes": [
            1.183808671866363e-07,
            0.0,
            2.796631095313207e-08
        ],
        "intercepts": [
            0.07007025301689451,
            0.07082767138498285,
            0.07061708090761379
        ],
        "breaks": [
            97.0,
            6398.148502276244,
            7530.148603510344
        ]
    },
    "tacle/mpeg2": {
        "baseline_timing": 370408.086,
        "median_timing": 360376.935,
        "slopes": [
            6.586171147765007e-06,
            1.285343458174389e-07,
            0.0
        ],
        "intercepts": [
            0.9694268539169424,
            0.9725577893427836,
            0.9746532150542522
        ],
        "breaks": [
            97.0,
            484.8422916719228,
            16302.457511588476
        ]
    },
    "tacle/statemate": {
        "baseline_timing": 140.216,
        "median_timing": 19.167,
        "slopes": [
            2.5872119508276443e-06,
            0.0,
            3.039629446839816e-07
        ],
        "intercepts": [
            0.13140690597431048,
            0.1371493218644036,
            0.13645208162140546
        ],
        "breaks": [
            148.0,
            2219.5382516906393,
            2293.833031927763
        ]
    },
    "tacle/ndes": {
        "baseline_timing": 157.602,
        "median_timing": 47.98,
        "slopes": [
            1.5116024620648193e-05,
            3.8784489039997615e-06,
            0.0
        ],
        "intercepts": [
            0.25705526252899596,
            0.2815225364514042,
            0.30950791346380147
        ],
        "breaks": [
            97.0,
            2177.2733318414957,
            7215.610597199458
        ]
    },
    "tacle/ammunition": {
        "baseline_timing": 129188.23,
        "median_timing": 122010.262,
        "slopes": [
            6.793466316802699e-07,
            0.0,
            0.0
        ],
        "intercepts": [
            0.9474100925838883,
            0.9496925925243191,
            0.9496925925243191
        ],
        "breaks": [
            97.0,
            3359.845819483101,
            10432.523466054254
        ]
    },
    "tacle/g723_enc": {
        "baseline_timing": 3426.641,
        "median_timing": 358.77,
        "slopes": [
            1.1746387929667442e-06,
            1.1728603594841595e-07,
            1.3894284995401994e-08
        ],
        "intercepts": [
            0.10231434233391004,
            0.10434395255618346,
            0.10520045475385488
        ],
        "breaks": [
            97.0,
            1919.5204332722315,
            8284.047709576507
        ]
    },
    "tacle/anagram": {
        "baseline_timing": 6492.233,
        "median_timing": 3151.5395,
        "slopes": [
            6.707232484140988e-07,
            0.0,
            0.0002765125037797538
        ],
        "intercepts": [
            0.48693350620688947,
            0.4879669957687397,
            -0.08399479398247744
        ],
        "breaks": [
            97.0,
            1540.8584155892681,
            2068.4843612236537
        ]
    }
}
